{
	"credit": "Made with Blockbench",
	"textures": {
		"1": "block/tabouret"
	},
	"elements": [
		{
			"from": [6.8, -0.2, 1.1],
			"to": [8.2, 0.3, 3.1],
			"rotation": {"angle": 0, "axis": "y", "origin": [0, 0, -2]},
			"faces": {
				"north": {"uv": [0, 6.33333, 6.16667, 12.5], "rotation": 270, "texture": "#1"},
				"east": {"uv": [0, 6.33333, 6.16667, 12.5], "rotation": 270, "texture": "#1"},
				"south": {"uv": [0, 6.33333, 6.16667, 12.5], "rotation": 270, "texture": "#1"},
				"west": {"uv": [0, 6.33333, 6.16667, 12.5], "rotation": 270, "texture": "#1"},
				"up": {"uv": [0, 6.33333, 6.16667, 12.5], "rotation": 270, "texture": "#1"},
				"down": {"uv": [0, 6.33333, 6.16667, 12.5], "rotation": 270, "texture": "#1"}
			}
		},
		{
			"from": [7, 1.7, 1.8],
			"to": [8, 14.2, 2.8],
			"rotation": {"angle": 22.5, "axis": "x", "origin": [0, 1, -2]},
			"faces": {
				"north": {"uv": [0, 6.33333, 6.16667, 12.5], "rotation": 270, "texture": "#1"},
				"east": {"uv": [0, 6.33333, 6.16667, 12.5], "rotation": 270, "texture": "#1"},
				"south": {"uv": [0, 6.33333, 6.16667, 12.5], "rotation": 270, "texture": "#1"},
				"west": {"uv": [0, 6.33333, 6.16667, 12.5], "rotation": 270, "texture": "#1"},
				"up": {"uv": [0, 6.33333, 6.16667, 12.5], "rotation": 270, "texture": "#1"},
				"down": {"uv": [0, 6.33333, 6.16667, 12.5], "rotation": 270, "texture": "#1"}
			}
		},
		{
			"from": [6.9, 3.8, 1.7],
			"to": [8.1, 5.8, 2.9],
			"rotation": {"angle": 22.5, "axis": "x", "origin": [0, 1, -2]},
			"faces": {
				"north": {"uv": [0, 6.33333, 6.16667, 12.5], "rotation": 270, "texture": "#1"},
				"east": {"uv": [0, 6.33333, 6.16667, 12.5], "rotation": 270, "texture": "#1"},
				"south": {"uv": [0, 6.33333, 6.16667, 12.5], "rotation": 270, "texture": "#1"},
				"west": {"uv": [0, 6.33333, 6.16667, 12.5], "rotation": 270, "texture": "#1"},
				"up": {"uv": [0, 6.33333, 6.16667, 12.5], "rotation": 270, "texture": "#1"},
				"down": {"uv": [0, 6.33333, 6.16667, 12.5], "rotation": 270, "texture": "#1"}
			}
		},
		{
			"from": [6.9, 6.8, 1.7],
			"to": [8.1, 8.8, 2.9],
			"rotation": {"angle": 22.5, "axis": "x", "origin": [0, 1, -2]},
			"faces": {
				"north": {"uv": [0, 6.33333, 6.16667, 12.5], "rotation": 270, "texture": "#1"},
				"east": {"uv": [0, 6.33333, 6.16667, 12.5], "rotation": 270, "texture": "#1"},
				"south": {"uv": [0, 6.33333, 6.16667, 12.5], "rotation": 270, "texture": "#1"},
				"west": {"uv": [0, 6.33333, 6.16667, 12.5], "rotation": 270, "texture": "#1"},
				"up": {"uv": [0, 6.33333, 6.16667, 12.5], "rotation": 270, "texture": "#1"},
				"down": {"uv": [0, 6.33333, 6.16667, 12.5], "rotation": 270, "texture": "#1"}
			}
		},
		{
			"from": [6.9, 9.8, 1.7],
			"to": [8.1, 11.8, 2.9],
			"rotation": {"angle": 22.5, "axis": "x", "origin": [0, 1, -2]},
			"faces": {
				"north": {"uv": [0, 6.33333, 6.16667, 12.5], "rotation": 270, "texture": "#1"},
				"east": {"uv": [0, 6.33333, 6.16667, 12.5], "rotation": 270, "texture": "#1"},
				"south": {"uv": [0, 6.33333, 6.16667, 12.5], "rotation": 270, "texture": "#1"},
				"west": {"uv": [0, 6.33333, 6.16667, 12.5], "rotation": 270, "texture": "#1"},
				"up": {"uv": [0, 6.33333, 6.16667, 12.5], "rotation": 270, "texture": "#1"},
				"down": {"uv": [0, 6.33333, 6.16667, 12.5], "rotation": 270, "texture": "#1"}
			}
		},
		{
			"from": [7, -4.2, 11.3],
			"to": [8, 8.3, 12.3],
			"rotation": {"angle": -22.5, "axis": "x", "origin": [0, 1, 2]},
			"faces": {
				"north": {"uv": [0, 6.33333, 6.16667, 12.5], "rotation": 270, "texture": "#1"},
				"east": {"uv": [0, 6.33333, 6.16667, 12.5], "rotation": 270, "texture": "#1"},
				"south": {"uv": [0, 6.33333, 6.16667, 12.5], "rotation": 270, "texture": "#1"},
				"west": {"uv": [0, 6.33333, 6.16667, 12.5], "rotation": 270, "texture": "#1"},
				"up": {"uv": [0, 6.33333, 6.16667, 12.5], "rotation": 270, "texture": "#1"},
				"down": {"uv": [0, 6.33333, 6.16667, 12.5], "rotation": 270, "texture": "#1"}
			}
		},
		{
			"from": [6.9, -2.1, 11.2],
			"to": [8.1, -0.1, 12.4],
			"rotation": {"angle": -22.5, "axis": "x", "origin": [0, 1, 2]},
			"faces": {
				"north": {"uv": [0, 6.33333, 6.16667, 12.5], "rotation": 270, "texture": "#1"},
				"east": {"uv": [0, 6.33333, 6.16667, 12.5], "rotation": 270, "texture": "#1"},
				"south": {"uv": [0, 6.33333, 6.16667, 12.5], "rotation": 270, "texture": "#1"},
				"west": {"uv": [0, 6.33333, 6.16667, 12.5], "rotation": 270, "texture": "#1"},
				"up": {"uv": [0, 6.33333, 6.16667, 12.5], "rotation": 270, "texture": "#1"},
				"down": {"uv": [0, 6.33333, 6.16667, 12.5], "rotation": 270, "texture": "#1"}
			}
		},
		{
			"from": [6.9, 0.9, 11.2],
			"to": [8.1, 2.9, 12.4],
			"rotation": {"angle": -22.5, "axis": "x", "origin": [0, 1, 2]},
			"faces": {
				"north": {"uv": [0, 6.33333, 6.16667, 12.5], "rotation": 270, "texture": "#1"},
				"east": {"uv": [0, 6.33333, 6.16667, 12.5], "rotation": 270, "texture": "#1"},
				"south": {"uv": [0, 6.33333, 6.16667, 12.5], "rotation": 270, "texture": "#1"},
				"west": {"uv": [0, 6.33333, 6.16667, 12.5], "rotation": 270, "texture": "#1"},
				"up": {"uv": [0, 6.33333, 6.16667, 12.5], "rotation": 270, "texture": "#1"},
				"down": {"uv": [0, 6.33333, 6.16667, 12.5], "rotation": 270, "texture": "#1"}
			}
		},
		{
			"from": [6.9, 3.9, 11.2],
			"to": [8.1, 5.9, 12.4],
			"rotation": {"angle": -22.5, "axis": "x", "origin": [0, 1, 2]},
			"faces": {
				"north": {"uv": [0, 6.33333, 6.16667, 12.5], "rotation": 270, "texture": "#1"},
				"east": {"uv": [0, 6.33333, 6.16667, 12.5], "rotation": 270, "texture": "#1"},
				"south": {"uv": [0, 6.33333, 6.16667, 12.5], "rotation": 270, "texture": "#1"},
				"west": {"uv": [0, 6.33333, 6.16667, 12.5], "rotation": 270, "texture": "#1"},
				"up": {"uv": [0, 6.33333, 6.16667, 12.5], "rotation": 270, "texture": "#1"},
				"down": {"uv": [0, 6.33333, 6.16667, 12.5], "rotation": 270, "texture": "#1"}
			}
		},
		{
			"from": [11.95, 0.75, 7.25],
			"to": [12.95, 13.25, 8.25],
			"rotation": {"angle": 22.5, "axis": "z", "origin": [14.5, 1.5, 8.5]},
			"faces": {
				"north": {"uv": [0, 6.33333, 6.16667, 12.5], "rotation": 270, "texture": "#1"},
				"east": {"uv": [0, 6.33333, 6.16667, 12.5], "rotation": 270, "texture": "#1"},
				"south": {"uv": [0, 6.33333, 6.16667, 12.5], "rotation": 270, "texture": "#1"},
				"west": {"uv": [0, 6.33333, 6.16667, 12.5], "rotation": 270, "texture": "#1"},
				"up": {"uv": [0, 6.33333, 6.16667, 12.5], "rotation": 270, "texture": "#1"},
				"down": {"uv": [0, 6.33333, 6.16667, 12.5], "rotation": 270, "texture": "#1"}
			}
		},
		{
			"from": [11.85, 2.75, 7.15],
			"to": [13.05, 4.75, 8.35],
			"rotation": {"angle": 22.5, "axis": "z", "origin": [14.5, 1.5, 8.5]},
			"faces": {
				"north": {"uv": [0, 6.33333, 6.16667, 12.5], "rotation": 270, "texture": "#1"},
				"east": {"uv": [0, 6.33333, 6.16667, 12.5], "rotation": 270, "texture": "#1"},
				"south": {"uv": [0, 6.33333, 6.16667, 12.5], "rotation": 270, "texture": "#1"},
				"west": {"uv": [0, 6.33333, 6.16667, 12.5], "rotation": 270, "texture": "#1"},
				"up": {"uv": [0, 6.33333, 6.16667, 12.5], "rotation": 270, "texture": "#1"},
				"down": {"uv": [0, 6.33333, 6.16667, 12.5], "rotation": 270, "texture": "#1"}
			}
		},
		{
			"from": [2.85, -3.1, 7.25],
			"to": [3.85, 9.4, 8.25],
			"rotation": {"angle": -22.5, "axis": "z", "origin": [10.5, 1.5, 8.5]},
			"faces": {
				"north": {"uv": [0, 6.33333, 6.16667, 12.5], "rotation": 270, "texture": "#1"},
				"east": {"uv": [0, 6.33333, 6.16667, 12.5], "rotation": 270, "texture": "#1"},
				"south": {"uv": [0, 6.33333, 6.16667, 12.5], "rotation": 270, "texture": "#1"},
				"west": {"uv": [0, 6.33333, 6.16667, 12.5], "rotation": 270, "texture": "#1"},
				"up": {"uv": [0, 6.33333, 6.16667, 12.5], "rotation": 270, "texture": "#1"},
				"down": {"uv": [0, 6.33333, 6.16667, 12.5], "rotation": 270, "texture": "#1"}
			}
		},
		{
			"from": [6.8, -0.2, 12.3],
			"to": [8.2, 0.3, 14.3],
			"rotation": {"angle": 0, "axis": "y",