{
	"credit": "©LBDS /   Made in France by TheFireSkorpion",
	"textures": {
		"0": "block/oxidized_copper",
		"particle": "block/oxidized_copper"
	},
	"elements": [
		{
			"from": [8.62097, 7.875, 7.81048],
			"to": [9, 8.125, 8.18952],
			"rotation": {"angle": 0, "axis": "y", "origin": [10.12903, 8, 8.03226]},
			"faces": {
				"north": {"uv": [7, 4, 7.87903, 5.37903], "rotation": 270, "texture": "#0"},
				"east": {"uv": [6.5, 6.5, 8.87903, 7.87903], "rotation": 270, "texture": "#0"},
				"south": {"uv": [7, 4, 7.87903, 5.37903], "rotation": 270, "texture": "#0"},
				"west": {"uv": [6.5, 6.5, 8.87903, 7.87903], "rotation": 270, "texture": "#0"},
				"up": {"uv": [6.5, 6.5, 8.87903, 7.87903], "rotation": 270, "texture": "#0"},
				"down": {"uv": [6.5, 6.5, 8.87903, 7.87903], "rotation": 270, "texture": "#0"}
			}
		},
		{
			"from": [3.25, 7.81048, 7.81048],
			"to": [8.62097, 8.18952, 8.18952],
			"rotation": {"angle": 0, "axis": "y", "origin": [10.12903, 7.98236, 8.03226]},
			"faces": {
				"north": {"uv": [6.5, 0, 8.37903, 16], "rotation": 270, "texture": "#0"},
				"east": {"uv": [10.5, 9, 12.37903, 11], "rotation": 270, "texture": "#0"},
				"south": {"uv": [6.5, 0, 8.37903, 16], "rotation": 270, "texture": "#0"},
				"west": {"uv": [10.5, 9, 12.37903, 11], "rotation": 270, "texture": "#0"},
				"up": {"uv": [6.5, 0, 8.37903, 16], "rotation": 270, "texture": "#0"},
				"down": {"uv": [6.5, 0, 8.37903, 16], "rotation": 270, "texture": "#0"}
			}
		},
		{
			"from": [3.75, 7.95892, 8.19758],
			"to": [4.60484, 8.07989, 8.84274],
			"rotation": {"angle": 0, "axis": "y", "origin": [10.12903, 7.98236, 8.03226]},
			"faces": {
				"north": {"uv": [7.5, 4.5, 8.37903, 9.5], "rotation": 270, "texture": "#0"},
				"east": {"uv": [7.5, 4.5, 8.37903, 9.5], "rotation": 270, "texture": "#0"},
				"south": {"uv": [7.5, 4.5, 8.37903, 9.5], "rotation": 270, "texture": "#0"},
				"west": {"uv": [7.5, 4.5, 8.37903, 9.5], "rotation": 270, "texture": "#0"},
				"up": {"uv": [4, 4.5, 8.37903, 9.5], "rotation": 270, "texture": "#0"},
				"down": {"uv": [4, 4.5, 8.37903, 9.5], "rotation": 270, "texture": "#0"}
			}
		},
		{
			"from": [3.75, 7.87223, 8.84274],
			"to": [4.60484, 8.07989, 8.96371],
			"rotation": {"angle": 0, "axis": "x", "origin": [4.17742, 7.75731, 8.90323]},
			"faces": {
				"north": {"uv": [7.5, 4.5, 8.37903, 9.5], "rotation": 270, "texture": "#0"},
				"east": {"uv": [7.5, 8.5, 8.37903, 9.5], "rotation": 270, "texture": "#0"},
				"south": {"uv": [7.5, 4.5, 8.37903, 9.5], "rotation": 270, "texture": "#0"},
				"west": {"uv": [7.5, 8.5, 8.37903, 9.5], "rotation": 270, "texture": "#0"},
				"up": {"uv": [7.5, 4.5, 8.37903, 9.5], "rotation": 270, "texture": "#0"},
				"down": {"uv": [7.5, 4.5, 8.37903, 9.5], "rotation": 270, "texture": "#0"}
			}
		},
		{
			"from": [3.73438, 7.88785, 8.45602],
			"to": [4.62437, 8.16192, 8.55355],
			"rotation": {"angle": 0, "axis": "x", "origin": [4.17742, 7.75731, 8.90323]},
			"faces": {
				"north": {"uv": [7.5, 4.5, 8.37903, 9.5], "rotation": 270, "texture": "#0"},
				"east": {"uv": [7.5, 8.5, 8.37903, 9.5], "rotation": 270, "texture": "#0"},
				"south": {"uv": [7.5, 4.5, 8.37903, 9.5], "rotation": 270, "texture": "#0"},
				"west": {"uv": [7.5, 8.5, 8.37903, 9.5], "rotation": 270, "texture": "#0"},
				"up": {"uv": [7.5, 4.5, 8.37903, 9.5], "rotation": 270, "texture": "#0"},
				"down": {"uv": [7.5, 4.5, 8.37903, 9.5], "rotation": 270, "texture": "#0"}
			}
		},
		{
			"name": "hexadecagon",
			"from": [10.12393, 7.7764, 6.5614],
			"to": [10.72607, 8.2236, 6.9398],
			"rotation": {"angle": -45, "axis": "y", "origin": [10.425, 8, 8.075]},
			"faces": {
				"north": {"uv": [0, 0, 1, 1], "rotation": 90, "texture": "#0"},
				"east": {"uv": [0, 0, 1, 1], "rotation": 270, "texture": "#0"},
				"south": {"uv": [0, 0, 1, 1], "rotation": 270, "texture": "#0"},
				"west": {"uv": [0, 0, 1, 1], "rotation": 270, "texture": "#0"},
				"up": {"uv": [0, 0, 1, 1], "rotation": 270, "texture": "#0"},
				"down": {"uv": [0, 0, 1, 1], "rotation": 270, "texture": "#0"}
			}
		},
		{
			"name": "hexadecagon",
			"from": [10.12393, 7.7764, 6.5614],
			"to": [10.72607, 8.2236, 6.9398],
			"rotation": {"angle": -22.5, "axis": "y", "origin": [10.425, 8, 8.075]},
			"faces": {
				"north": {"uv": [0, 0, 1, 1], "rotation": 90, "texture": "#0"},
				"east": {"uv": [0, 0, 1, 1], "rotation": 270, "texture": "#0"},
				"south": {"uv": [0, 0, 1, 1], "rotation": 270, "texture": "#0"},
				"west": {"uv": [0, 0, 1, 1], "rotation": 270, "texture": "#0"},
				"up": {"uv": [0, 0, 1, 1], "rotation": 270, "texture": "#0"},
				"down": {"uv": [0, 0, 1, 1], "rotation": 270, "texture": "#0"}
			}
		},
		{
			"name": "hexadecagon",
			"from": [10.12393, 7.7764, 6.5614],
			"to": [10.72607, 8.2236, 6.9398],
			"rotation": {"angle": 0, "axis": "y", "origin": [10.425, 8, 8.075]},
			"faces": {
				"north": {"uv": [0, 0, 1, 1], "rotation": 90, "texture": "#0"},
				"east": {"uv": [0, 0, 1, 1], "rotation": 270, "texture": "#0"},
				"south": {"uv": [0, 0, 1, 1], "rotation": 270, "texture": "#0"},
				"west": {"uv": [0, 0, 1, 1], "rotation": 270, "texture": "#0"},
				"up": {"uv": [0, 0, 1, 1], "rotation": 270, "texture": "#0"},
				"down": {"uv": [0, 0, 1, 1], "rotation": 270, "texture": "#0"}
			}
		},
		{
			"name": "hexadecagon",
			"from": [10.12393, 7.7764, 6.5614],
			"to": [10.72607, 8.2236, 6.9398],
			"rotation": {"angle": 22.5, "axis": "y", "origin": [10.425, 8, 8.075]},
			"faces": {
				"north": {"uv": [0, 0, 1, 1], "rotation": 90, "texture": "#0"},
				"east": {"uv": [0, 0, 1, 1], "rotation": 270, "texture": "#0"},
				"south": {"uv": [0, 0, 1, 1], "rotation": 270, "texture": "#0"},
				"west": {"uv": [0, 0, 1, 1], "rotation": 270, "texture": "#0"},
				"up": {"uv": [0, 0, 1, 1], "rotation": 270, "texture": "#0"},
				"down": {"uv": [0, 0, 1, 1], "rotation": 270, "texture": "#0"}
			}
		},
		{
			"name": "hexadecagon",
			"from": [10.12393, 7.7764, 6.5614],
			"to": [10.72607, 8.2236, 6.9398],
			"rotation": {"angle": 45, "axis": "y", "origin": [10.425, 8, 8.075]},
			"faces": {
				"north": {"uv": [0, 0, 1, 1], "rotation": 90, "texture": "#0"},
				"east": {"uv": [0, 0, 1, 1], "rotation": 270, "texture": "#0"},
				"south": {"uv": [0, 0, 1, 1], "rotation": 270, "texture": "#0"},
				"west": {"uv": [0, 0, 1, 1], "rotation": 270, "texture": "#0"},
				"up": {"uv": [0, 0, 1, 1], "rotation": 270, "texture": "#0"},
				"down": {"uv": [0, 0, 1, 1], "rotation": 270, "texture": "#0"}
			}
		},
		{
			"name": "hexadecagon",
			"from": [10.12393, 7.7764, 9.2102],
			"to": [10.72607, 8.2236, 9.5886],
			"rotation": {"angle": -45, "axis": "y", "origin": [10.425, 8, 8.075]},
			"faces": {
				"north": {"uv": [0, 0, 1, 1], "rotation": 90, "texture": "#0"},
				"east": {"uv": [0, 0, 1, 1], "rotation": 270, "texture": "#0"},
				"south": {"uv": [0, 0, 1, 1], "rotation": 270, "texture": "#0"},
				"west": {"uv": [0, 0, 1, 1], "rotation": 270, "texture": "#0"},
				"up": {"uv": [0, 0, 1, 1], "rotation": 270, "texture": "#0"},
				"down": {"uv": [0, 0, 1, 1], "rotation": 270, "texture": "#0"}
			}
		},
		{
			"name": "hexadecagon",
			"from": [10.12393, 7.7764, 9.2102],
			"to": [10.72607, 8.2236, 9.5886],
			"rotation": {"angle": -22.5, "axis": "y", "origin": [10.425, 8, 8.075]},
			"faces": {
				"north": {"uv": [0, 0, 1, 1], "rotation": 90, "texture": "#0"},
				"east": {"uv": [0, 0, 1, 1], "rotation": 270, "texture": "#0"},
				"south": {"uv": [0, 0, 1, 1], "rotation": 270, "texture": "#0"},
				"west": {"uv": [0, 0, 1, 1], "rotation": 270, "texture": "#0"},
				"up": {"uv": [0, 0, 1, 1], "rotation": 270, "texture": "#0"},
				"down": {"uv": [0, 0, 1, 1], "rotation": 270, "texture": "#0"}
			}
		},
		{
			"name": "hexadecagon",
			"from": [10.12393, 7.7764, 9.2102],
			"to": [10.72607, 8.2236, 9.5886],
			"rotation": {"angle": 0, "axis": "y", "origin": [10.425, 8, 8.075]},
			"faces": {
				"north": {"uv": [0, 0, 1, 1], "rotation": 90,