{
	"credit": "©LBDS /   Made in France by TheFireSkorpion",
	"textures": {
		"0": "block/copper_block",
		"particle": "block/copper_block"
	},
	"elements": [
		{
			"from": [8.62097, 7.875, 7.81048],
			"to": [9, 8.125, 8.18952],
			"rotation": {"angle": 0, "axis": "y", "origin": [10.12903, 8, 8.03226]},
			"faces": {
				"north": {"uv": [7, 4, 7.87903, 5.37903], "rotation": 270, "texture": "#0"},
				"east": {"uv": [6.5, 6.5, 8.87903, 7.87903], "rotation": 270, "texture": "#0"},
				"south": {"uv": [7, 4, 7.87903, 5.37903], "rotation": 270, "texture": "#0"},
				"west": {"uv": [6.5, 6.5, 8.87903, 7.87903], "rotation": 270, "texture": "#0"},
				"up": {"uv": [6.5, 6.5, 8.87903, 7.87903], "rotation": 270, "texture": "#0"},
				"down": {"uv": [6.5, 6.5, 8.87903, 7.87903], "rotation": 270, "texture": "#0"}
			}
		},
		{
			"from": [3.25, 7.81048, 7.81048],
			"to": [8.62097, 8.18952, 8.18952],
			"rotation": {"angle": 0, "axis": "y", "origin": [10.12903, 7.98236, 8.03226]},
			"faces": {
				"north": {"uv": [6.5, 0, 8.37903, 16], "rotation": 270, "texture": "#0"},
				"east": {"uv": [10.5, 9, 12.37903, 11], "rotation": 270, "texture": "#0"},
				"south": {"uv": [6.5, 0, 8.37903, 16], "rotation": 270, "texture": "#0"},
				"west": {"uv": [10.5, 9, 12.37903, 11], "rotation": 270, "texture": "#0"},
				"up": {"uv": [6.5, 0, 8.37903, 16], "rotation": 270, "texture": "#0"},
				"down": {"uv": [6.5, 0, 8.37903, 16], "rotation": 270, "texture": "#0"}
			}
		},
		{
			"from": [4, 7.95892, 8.18977],
			"to": [4.35484, 8.07989, 8.83493],
			"rotation": {"angle": 0, "axis": "y", "origin": [10.12903, 7.98236, 8.03226]},
			"faces": {
				"north": {"uv": [7.5, 4.5, 8.37903, 9.5], "rotation": 270, "texture": "#0"},
				"east": {"uv": [7.5, 4.5, 8.37903, 9.5], "rotation": 270, "texture": "#0"},
				"south": {"uv": [7.5, 4.5, 8.37903, 9.5], "rotation": 270, "texture": "#0"},
				"west": {"uv": [7.5, 4.5, 8.37903, 9.5], "rotation": 270, "texture": "#0"},
				"up": {"uv": [7.5, 7, 11.87903, 8.5], "rotation": 270, "texture": "#0"},
				"down": {"uv": [7.5, 7, 11.87903, 8.5], "rotation": 270, "texture": "#0"}
			}
		},
		{
			"from": [4.35547, 7.95892, 8.45149],
			"to": [4.5814, 8.07989, 8.85837],
			"rotation": {"angle": 0, "axis": "y", "origin": [10.12903, 7.98236, 8.03226]},
			"faces": {
				"north": {"uv": [7.5, 4.5, 8.37903, 6.5], "rotation": 270, "texture": "#0"},
				"east": {"uv": [7.5, 4.5, 8.37903, 8], "rotation": 270, "texture": "#0"},
				"south": {"uv": [7.5, 4.5, 8.37903, 6.5], "rotation": 270, "texture": "#0"},
				"west": {"uv": [7.5, 4.5, 8.37903, 8], "rotation": 270, "texture": "#0"},
				"up": {"uv": [4, 4.5, 6.87903, 6], "rotation": 270, "texture": "#0"},
				"down": {"uv": [4, 4.5, 6.87903, 6], "rotation": 270, "texture": "#0"}
			}
		},
		{
			"from": [3.77344, 7.95892, 8.17805],
			"to": [3.99937, 8.07989, 8.58493],
			"rotation": {"angle": 0, "axis": "y", "origin": [10.12903, 7.98236, 8.03226]},
			"faces": {
				"north": {"uv": [7.5, 4.5, 8.37903, 6.5], "rotation": 270, "texture": "#0"},
				"east": {"uv": [7.5, 4.5, 8.37903, 8], "rotation": 270, "texture": "#0"},
				"south": {"uv": [7.5, 4.5, 8.37903, 6.5], "rotation": 270, "texture": "#0"},
				"west": {"uv": [7.5, 4.5, 8.37903, 8], "rotation": 270, "texture": "#0"},
				"up": {"uv": [4, 4.5, 6.87903, 6], "rotation": 270, "texture": "#0"},
				"down": {"uv": [4, 4.5, 6.87903, 6], "rotation": 270, "texture": "#0"}
			}
		},
		{
			"from": [3.96094, 7.9191, 8.83102],
			"to": [4.60484, 8.12676, 8.95199],
			"rotation": {"angle": 0, "axis": "x", "origin": [4.17742, 7.75731, 8.90323]},
			"faces": {
				"north": {"uv": [7.5, 2, 9.20766, 7.35484], "rotation": 270, "texture": "#0"},
				"east": {"uv": [7.5, 2, 8.70766, 3.35484], "rotation": 270, "texture": "#0"},
				"south": {"uv": [5, 5, 6.70766, 10.35484], "rotation": 270, "texture": "#0"},
				"west": {"uv": [7.5, 2, 8.70766, 3.35484], "rotation": 270, "texture": "#0"},
				"up": {"uv": [8.5, 6.5, 9.62097, 11.85484], "rotation": 270, "texture": "#0"},
				"down": {"uv": [8.5, 6.5, 9.62097, 11.85484], "rotation": 270, "texture": "#0"}
			}
		},
		{
			"name": "hexadecagon",
			"from": [10.12393, 7.7764, 6.5614],
			"to": [10.72607, 8.2236, 6.9398],
			"rotation": {"angle": -45, "axis": "y", "origin": [10.425, 8, 8.075]},
			"faces": {
				"north": {"uv": [0, 0, 1, 1], "rotation": 90, "texture": "#0"},
				"east": {"uv": [0, 0, 1, 1], "rotation": 270, "texture": "#0"},
				"south": {"uv": [0, 0, 1, 1], "rotation": 270, "texture": "#0"},
				"west": {"uv": [0, 0, 1, 1], "rotation": 270, "texture": "#0"},
				"up": {"uv": [0, 0, 1, 1], "rotation": 270, "texture": "#0"},
				"down": {"uv": [0, 0, 1, 1], "rotation": 270, "texture": "#0"}
			}
		},
		{
			"name": "hexadecagon",
			"from": [10.12393, 7.7764, 6.5614],
			"to": [10.72607, 8.2236, 6.9398],
			"rotation": {"angle": -22.5, "axis": "y", "origin": [10.425, 8, 8.075]},
			"faces": {
				"north": {"uv": [0, 0, 1, 1], "rotation": 90, "texture": "#0"},
				"east": {"uv": [0, 0, 1, 1], "rotation": 270, "texture": "#0"},
				"south": {"uv": [0, 0, 1, 1], "rotation": 270, "texture": "#0"},
				"west": {"uv": [0, 0, 1, 1], "rotation": 270, "texture": "#0"},
				"up": {"uv": [0, 0, 1, 1], "rotation": 270, "texture": "#0"},
				"down": {"uv": [0, 0, 1, 1], "rotation": 270, "texture": "#0"}
			}
		},
		{
			"name": "hexadecagon",
			"from": [10.12393, 7.7764, 6.5614],
			"to": [10.72607, 8.2236, 6.9398],
			"rotation": {"angle": 0, "axis": "y", "origin": [10.425, 8, 8.075]},
			"faces": {
				"north": {"uv": [0, 0, 1, 1], "rotation": 90, "texture": "#0"},
				"east": {"uv": [0, 0, 1, 1], "rotation": 270, "texture": "#0"},
				"south": {"uv": [0, 0, 1, 1], "rotation": 270, "texture": "#0"},
				"west": {"uv": [0, 0, 1, 1], "rotation": 270, "texture": "#0"},
				"up": {"uv": [0, 0, 1, 1], "rotation": 270, "texture": "#0"},
				"down": {"uv": [0, 0, 1, 1], "rotation": 270, "texture": "#0"}
			}
		},
		{
			"name": "hexadecagon",
			"from": [10.12393, 7.7764, 6.5614],
			"to": [10.72607, 8.2236, 6.9398],
			"rotation": {"angle": 22.5, "axis": "y", "origin": [10.425, 8, 8.075]},
			"faces": {
				"north": {"uv": [0, 0, 1, 1], "rotation": 90, "texture": "#0"},
				"east": {"uv": [0, 0, 1, 1], "rotation": 270, "texture": "#0"},
				"south": {"uv": [0, 0, 1, 1], "rotation": 270, "texture": "#0"},
				"west": {"uv": [0, 0, 1, 1], "rotation": 270, "texture": "#0"},
				"up": {"uv": [0, 0, 1, 1], "rotation": 270, "texture": "#0"},
				"down": {"uv": [0, 0, 1, 1], "rotation": 270, "texture": "#0"}
			}
		},
		{
			"name": "hexadecagon",
			"from": [10.12393, 7.7764, 6.5614],
			"to": [10.72607, 8.2236, 6.9398],
			"rotation": {"angle": 45, "axis": "y", "origin": [10.425, 8, 8.075]},
			"faces": {
				"north": {"uv": [0, 0, 1, 1], "rotation": 90, "texture": "#0"},
				"east": {"uv": [0, 0, 1, 1], "rotation": 270, "texture": "#0"},
				"south": {"uv": [0, 0, 1, 1], "rotation": 270, "texture": "#0"},
				"west": {"uv": [0, 0, 1, 1], "rotation": 270, "texture": "#0"},
				"up": {"uv": [0, 0, 1, 1], "rotation": 270, "texture": "#0"},
				"down": {"uv": [0, 0, 1, 1], "rotation": 270, "texture": "#0"}
			}
		},
		{
			"name": "hexadecagon",
			"from": [10.12393, 7.7764, 9.2102],
			"to": [10.72607, 8.2236, 9.5886],
			"rotation": {"angle": -45, "axis": "y", "origin": [10.425, 8, 8.075]},
			"faces": {
				"north": {"uv": [0, 0, 1, 1], "rotation": 90, "texture": "#0"},
				"east": {"uv": [0, 0, 1, 1], "rotation": 270, "texture": "#0"},
				"south": {"uv": [0, 0, 1, 1], "rotation": 270, "texture": "#0"},
				"west": {"uv": [0, 0, 1, 1], "rotation": 270, "texture": "#0"},
				"up": {"uv": [0, 0, 1, 1], "rotation": 270, "texture": "#0"},
				"down": {"uv": [0, 0, 1, 1], "rotation": 270, "texture": "#0"}
			}
		},
		{
			"name": "hexadecagon",
			"from": [10.12393, 7.7764, 9.2102],
			"to": [10.72607, 8.2236, 9.5886],
			"rotation": {"angle": -22.5, "axis": "y", "origin": [10.425, 8, 8.075]},